{"cameraMode":{"drawMode":0,"name":"Shaded","section":"Shading Mode"},"sceneLighting":false,"audioPlay":false,"sceneViewState":{"m_AlwaysRefresh":false,"showFog":true,"showSkybox":false,"showFlares":true,"showImageEffects":true,"showParticleSystems":true,"showVisualEffectGraphs":true,"m_FxEnabled":true},"in2DMode":false,"pivot":{"x":0.3535599708557129,"y":0.2474900186061859,"z":0.3535499572753906},"rotation":{"x":-0.011138049885630608,"y":0.9871882796287537,"z":-0.13771677017211915,"w":-0.07983846962451935},"size":1.2247449159622193,"orthographic":false}