{"cameraMode":{"drawMode":0,"name":"Shaded","section":"Shading Mode"},"sceneLighting":false,"audioPlay":false,"sceneViewState":{"m_AlwaysRefresh":false,"showFog":true,"showSkybox":false,"showFlares":true,"showImageEffects":true,"showParticleSystems":true,"showVisualEffectGraphs":true,"m_FxEnabled":true},"in2DMode":false,"pivot":{"x":0.7624686360359192,"y":1.6147099733352662,"z":-0.42475882172584536},"rotation":{"x":0.49993717670440676,"y":-0.31440669298171999,"z":0.20116016268730164,"w":0.7815204858779907},"size":3.7276504039764406,"orthographic":false}