{"cameraMode":{"drawMode":0,"name":"Shaded","section":"Shading Mode"},"sceneLighting":false,"audioPlay":false,"sceneViewState":{"m_AlwaysRefresh":false,"showFog":true,"showSkybox":false,"showFlares":true,"showImageEffects":true,"showParticleSystems":true,"showVisualEffectGraphs":true,"m_FxEnabled":true},"in2DMode":false,"pivot":{"x":7.907817840576172,"y":-1.3432453870773316,"z":-11.029634475708008},"rotation":{"x":-0.011138049885630608,"y":0.9871882796287537,"z":-0.13771677017211915,"w":-0.07983846962451935},"size":1.9081151485443116,"orthographic":false}