{"cameraMode":{"drawMode":0,"name":"Shaded","section":"Shading Mode"},"sceneLighting":false,"audioPlay":false,"sceneViewState":{"m_AlwaysRefresh":false,"showFog":false,"showSkybox":false,"showFlares":false,"showImageEffects":false,"showParticleSystems":false,"showVisualEffectGraphs":true,"m_FxEnabled":true},"in2DMode":false,"pivot":{"x":0.32556289434432986,"y":0.6948776245117188,"z":-0.057955026626586917},"rotation":{"x":-0.011138049885630608,"y":0.9871882796287537,"z":-0.13771677017211915,"w":-0.07983846962451935},"size":1.8356859683990479,"orthographic":false}