{"cameraMode":{"drawMode":0,"name":"Shaded","section":"Shading Mode"},"sceneLighting":false,"audioPlay":false,"sceneViewState":{"m_AlwaysRefresh":false,"showFog":true,"showSkybox":false,"showFlares":true,"showImageEffects":true,"showParticleSystems":true,"showVisualEffectGraphs":true,"m_FxEnabled":true},"in2DMode":false,"pivot":{"x":0.05124756693840027,"y":0.9582611322402954,"z":0.12009632587432862},"rotation":{"x":0.49993717670440676,"y":-0.31440669298171999,"z":0.20116016268730164,"w":0.7815204858779907},"size":1.331770658493042,"orthographic":false}